"Número Licitação";"Código UG";"Nome UG";"Código Modalidade Compra";"Modalidade Compra";"Número Processo";"Código Empenho";"Data Emissão Empenho";"Observação Empenho";"Valor Empenho (R$)"
"000122020";"160299";"COMANDO DO COMANDO MILITAR DO LESTE";"-99";"Pregão - Registro de Preço";"64283003940202066";"160299000012020NE800686";"17/11/2020";"SERVICO TECNICO E OPERACIONAL - ND 339039 - SI 79 (2º CTA)                    2019NC403477-DCT, DE 16NOV19 - PR12CML20                                      NUP 64283.003940/2020-66  PROC ORIGEM: 2020PR00012";"149000,00"
"000122020";"160299";"COMANDO DO COMANDO MILITAR DO LESTE";"-99";"Pregão - Registro de Preço";"64283003940202066";"160299000012020NE800701";"19/11/2020";"SERVICO TECNICO E OPERACIONAL - ND 339039 - SI 79 (2º CTA)                    2019NC403169-DCT, DE 27OUT19 - PR12CML20                                      NUP 64283.003940/2020-66  PROC ORIGEM: 2020PR00012";"653107,40"
"000122020";"160299";"COMANDO DO COMANDO MILITAR DO LESTE";"-99";"Pregão - Registro de Preço";"64283003940202066";"160299000012020NE800712";"23/11/2020";"B0DEC20DECRESV092#ATENDER ADEQUACAO DO 5 GPT E E CIA C DO CML - SI 79 (5ºGPTE)2019NC407472-DEC, DE 23NOV19 - PR12CML20                                      NUP 64283.003940/2020-66  PROC ORIGEM: 2020PR00012";"21789,00"
"000122020";"160299";"COMANDO DO COMANDO MILITAR DO LESTE";"-99";"Pregão - Registro de Preço";"64283003940202066";"160299000012020NE800711";"23/11/2020";"B0DEC20DECRESV092#ATENDER ADEQUACAO DO 5 GPT E E CIA C DO CML - SI 79 (5ºGPTE)2019NC407472-DEC, DE 23NOV19 - PR12CML20                                      NUP 64283.003940/2020-66  PROC ORIGEM: 2020PR00012";"84911,00"
"000122020";"160299";"COMANDO DO COMANDO MILITAR DO LESTE";"-99";"Pregão - Registro de Preço";"64283003940202066";"160299000012020NE800709";"23/11/2020";"B0DEC20DECRESV092#ATENDER ADEQUACAO DO 5 GPT E E CIA C DO CML - SI 79 (5ºGPTE)2019NC407472-DEC, DE 23NOV19 - PR12CML20                                      NUP 64283.003940/2020-66  PROC ORIGEM: 2020PR00012";"87156,00"
"000122020";"160299";"COMANDO DO COMANDO MILITAR DO LESTE";"-99";"Pregão - Registro de Preço";"64283003940202066";"160299000012020NE800702";"23/11/2020";"B0DEC20DECRESV090#ATENDER ADEQUACAO DO 5 GPT E E CIA C DO CML - SI 79 (5ºGPTE)2019NC407353-DEC, DE 20NOV19 - PR12CML20                                      NUP 64283.003940/2020-66  PROC ORIGEM: 2020PR00012";"339644,00"
"000122020";"160299";"COMANDO DO COMANDO MILITAR DO LESTE";"-99";"Pregão - Registro de Preço";"64283003940202066";"160299000012020NE800731";"24/11/2020";"SERVICO TECNICO E OPERACIONAL - ND 339039 - SI 79 (2º CTA)                    2020NC403689-DCT, DE 24NOV20 - PR12CML20                                      NUP 64283.003940/2020-66  PROC ORIGEM: 2020PR00012";"268400,00"
"000122020";"160299";"COMANDO DO COMANDO MILITAR DO LESTE";"-99";"Pregão - Registro de Preço";"64283003940202066";"160299000012020NE800730";"24/11/2020";"SERVICO TECNICO E OPERACIONAL - ND 339039 - SI 79 (2º CTA)                    2020NC403688-DCT, DE 24NOV20 - PR12CML20                                      NUP 64283.003940/2020-66  PROC ORIGEM: 2020PR00012";"280000,00"
"000122020";"160299";"COMANDO DO COMANDO MILITAR DO LESTE";"-99";"Pregão - Registro de Preço";"64283003940202066";"160299000012020NE800746";"26/11/2020";"SERVICO TECNICO E OPERACIONAL - ND 339039 - SI 79 (2º CTA)                    2020NC403732-DCT, DE 25NOV20 - PR12CML20                                      NUP 64283.003940/2020-66  PROC ORIGEM: 2020PR00012";"67100,00"
"000122020";"160299";"COMANDO DO COMANDO MILITAR DO LESTE";"-99";"Pregão - Registro de Preço";"64283003940202066";"160299000012020NE800745";"26/11/2020";"SERVICO TECNICO E OPERACIONAL - ND 339039 - SI 79 (2º CTA)                    2020NC403731-DCT, DE 25NOV20 - PR12CML20                                      NUP 64283.003940/2020-66  PROC ORIGEM: 2020PR00012";"70000,00"
"000122020";"160299";"COMANDO DO COMANDO MILITAR DO LESTE";"-99";"Pregão - Registro de Preço";"64283003940202066";"160299000012020NE800744";"26/11/2020";"SERVICO TECNICO E OPERACIONAL - ND 339039 - SI 79 (2º CTA)                    2020NC403708-DCT, DE 25NOV20 - PR12CML20                                      NUP 64283.003940/2020-66  PROC ORIGEM: 2020PR00012";"85300,00"
"000122020";"160299";"COMANDO DO COMANDO MILITAR DO LESTE";"-99";"Pregão - Registro de Preço";"64283003940202066";"160299000012020NE800742";"26/11/2020";"SERVICO TECNICO E OPERACIONAL - ND 339039 - SI 79 (2º CTA)                    2020NC403707-DCT, DE 25NOV20 - PR12CML20                                      NUP 64283.003940/2020-66  PROC ORIGEM: 2020PR00012";"140000,00"
"000122020";"160299";"COMANDO DO COMANDO MILITAR DO LESTE";"-99";"Pregão - Registro de Preço";"64283003940202066";"160299000012020NE800750";"26/11/2020";"SERVICO TECNICO E OPERACIONAL - ND 339039 - SI 79 (2º CTA)                    2020NC403740-DCT, DE 26NOV20 - PR12CML20                                      NUP 64283.003940/2020-66  PROC ORIGEM: 2020PR00012";"202322,40"
"000122020";"160299";"COMANDO DO COMANDO MILITAR DO LESTE";"-99";"Pregão - Registro de Preço";"64283003940202066";"160299000012020NE800743";"26/11/2020";"SERVICO TECNICO E OPERACIONAL - ND 339039 - SI 79 (2º CTA)                    2020NC403733-DCT, DE 25NOV20 - PR12CML20                                      NUP 64283.003940/2020-66  PROC ORIGEM: 2020PR00012";"223991,72"
"000122020";"160299";"COMANDO DO COMANDO MILITAR DO LESTE";"-99";"Pregão - Registro de Preço";"64283003940202066";"160299000012020NE800758";"27/11/2020";"SERVICO TECNICO E OPERACIONAL - ND 339039 - SI 79 (2º CTA)                    2020NC403734, DE 25NOV20 E 2020NC403760, DE 27NOV20, AMBAS DO DCT - PR12CML20 NUP 64283.003940/2020-66  PROC ORIGEM: 2020PR00012";"320036,68"
"000122020";"160299";"COMANDO DO COMANDO MILITAR DO LESTE";"-99";"Pregão - Registro de Preço";"64283003940202066";"160299000012020NE800752";"27/11/2020";"SERVICO TECNICO E OPERACIONAL - ND 339039 - SI 79 (2º CTA)                    2020NC403735-DCT, DE 25NOV20 - PR12CML20                                      NUP 64283.003940/2020-66  PROC ORIGEM: 2020PR00012";"423990,56"
"000122020";"160299";"COMANDO DO COMANDO MILITAR DO LESTE";"-99";"Pregão - Registro de Preço";"64283003940202066";"160299000012020NE800772";"03/12/2020";"SERVICO TECNICO E OPERACIONAL - ND 339039 - SI 79 (2º CTA)                    2020NC403826-DCT, DE 01DEZ20 - PR12CML20                                      NUP 64283.003940/2020-66  PROC ORIGEM: 2020PR00012";"125898,52"
"000122020";"160299";"COMANDO DO COMANDO MILITAR DO LESTE";"-99";"Pregão - Registro de Preço";"64283003940202066";"160299000012020NE800805";"08/12/2020";"SERVICO TECNICO E OPERACIONAL - ND 339039 - SI 79 (2º CTA)                    2020NC403986-DCT, DE 08DEZ20 - PR12CML20                                      NUP 64283.003940/2020-66  PROC ORIGEM: 2020PR00012";"50580,60"
"000122020";"160299";"COMANDO DO COMANDO MILITAR DO LESTE";"-99";"Pregão - Registro de Preço";"64283003940202066";"160299000012020NE800803";"08/12/2020";"SERVICO TECNICO E OPERACIONAL - ND 339039 - SI 79 (2º CTA)                    2020NC403983-DCT, DE 08DEZ20 - PR12CML20                                      NUP 64283.003940/2020-66  PROC ORIGEM: 2020PR00012";"55997,93"
"000122020";"160299";"COMANDO DO COMANDO MILITAR DO LESTE";"-99";"Pregão - Registro de Preço";"64283003940202066";"160299000012020NE800804";"08/12/2020";"SERVICO TECNICO E OPERACIONAL - ND 339039 - SI 79 (2º CTA)                    2020NC403984-DCT, DE 08DEZ20 - PR12CML20                                      NUP 64283.003940/2020-66  PROC ORIGEM: 2020PR00012";"80009,17"
"000122020";"160299";"COMANDO DO COMANDO MILITAR DO LESTE";"-99";"Pregão - Registro de Preço";"64283003940202066";"167118000012020NE804416";"09/12/2020";"PRESTACAO DE SERVICO PARA O CMDO 4ª RM - CH 21º CT                            2020NC500118 - DIEX 927-DIV ADM                                               NAO OPTANTE PELO SIMPLES NACIONAL  PROC ORIGEM: 05000122020";"21671,68"
"000122020";"160299";"COMANDO DO COMANDO MILITAR DO LESTE";"-99";"Pregão - Registro de Preço";"64283003940202066";"167118000012020NE804414";"09/12/2020";"PRESTACAO DE SERVICO PARA O CMDO 4ª RM - CH 21º CT                            2020NC500118 - DIEX 927-DIV ADM                                               NAO OPTANTE PELO SIMPLES NACIONAL  PROC ORIGEM: 05000122020";"26087,30"
"000122020";"160299";"COMANDO DO COMANDO MILITAR DO LESTE";"-99";"Pregão - Registro de Preço";"64283003940202066";"167118000012020NE804417";"09/12/2020";"PRESTACAO DE SERVICO PARA O CMDO 4ª RM - CH 21º CT                            2020NC500118 - DIEX 927-DIV ADM                                               NAO OPTANTE PELO SIMPLES NACIONAL  PROC ORIGEM: 05000122020";"40873,59"
"000122020";"160299";"COMANDO DO COMANDO MILITAR DO LESTE";"-99";"Pregão - Registro de Preço";"64283003940202066";"167118000012020NE804418";"09/12/2020";"PRESTACAO DE SERVICO PARA O CMDO 4ª RM - CH 21º CT                            2020NC500118 - DIEX 927-DIV ADM                                               NAO OPTANTE PELO SIMPLES NACIONAL  PROC ORIGEM: 05000122020";"80300,93"
"000122020";"160299";"COMANDO DO COMANDO MILITAR DO LESTE";"-99";"Pregão - Registro de Preço";"64283003940202066";"160299000012020NE800807";"09/12/2020";"SERVICO TECNICO E OPERACIONAL - ND 339039 - SI 79 (2º CTA)                    2020NC403985, DE 08DEZ20 E 2020NC404111, DE 09DEZ20, AMBAS DO DCT - PR12CML20 NUP 64283.003940/2020-66 - PR12CML20  PROC ORIGEM: 2020PR00012";"105997,64"
"000122020";"160299";"COMANDO DO COMANDO MILITAR DO LESTE";"-99";"Pregão - Registro de Preço";"64283003940202066";"167245000012020NE800630";"09/12/2020";"PRESTACAO DE SERVICOS COMUNS DE TELECOMUNICACAO - SI 79 - ADESAO UASG 160299  2020NC500114 - DCT, DE 09DEZ20 - REQ 259/ALMOX  PROC ORIGEM: 2020PR00012";"214500,00"
"000122020";"160299";"COMANDO DO COMANDO MILITAR DO LESTE";"-99";"Pregão - Registro de Preço";"64283003940202066";"167118000012020NE804470";"11/12/2020";"PRESTACAO DE SERVICO P/ CMDO 4ª RM - CH 21º CT                                2020NC500124 - DIEX 930 DIV ADM                                               OPTANTE SIMPLES NACIONAL  PROC ORIGEM: 05000122020";"72100,00"
"000122020";"160299";"COMANDO DO COMANDO MILITAR DO LESTE";"-99";"Pregão - Registro de Preço";"64283003940202066";"167245000012020NE800641";"11/12/2020";"PRESTACAO DE SERVICOS DE TELECOMUNICACAO - SI 79 - ADESAO UASG 160299         2020NC500114 - DCT, DE 09DEZ20 - REQ 259/ALMOX  PROC ORIGEM: 2020PR00012";"214500,00"
"000122020";"160299";"COMANDO DO COMANDO MILITAR DO LESTE";"-99";"Pregão - Registro de Preço";"64283003940202066";"160299000012020NE800870";"17/12/2020";"SERVICO TECNICO E OPERACIONAL - ND 339039 - SI 79 (2º CTA)                    2020NC404474-DCT, DE 17DEZ20 - PR12CML20                                      NUP 64283.003940/2020-66  PROC ORIGEM: 2020PR00012";"42856,12"
"000122020";"160299";"COMANDO DO COMANDO MILITAR DO LESTE";"-99";"Pregão - Registro de Preço";"64283003940202066";"160299000012020NE800885";"18/12/2020";"SERVICO TECNICO E OPERACIONAL - ND 339039 - SI 79 (2º CTA)                    2020NC404523-DCT, DE 18DEZ19 - PR12CML20                                      NUP 64283.003940/2020-66  PROC ORIGEM: 2020PR00012";"56338,43"
"000122020";"160299";"COMANDO DO COMANDO MILITAR DO LESTE";"-99";"Pregão - Registro de Preço";"64283003940202066";"160299000012020NE800887";"18/12/2020";"SERVICO TECNICO E OPERACIONAL - ND 339039 - SI 79 (2º CTA)                    2020NC403826, DE 01DEZ20 E 2020NC404523, DE 18DEZ19 - AMBAS DO DCT            NUP 64283.003940/2020-66 - PR12CML20  PROC ORIGEM: 2020PR00012";"163276,85"
"000122020";"160299";"COMANDO DO COMANDO MILITAR DO LESTE";"-99";"Pregão - Registro de Preço";"64283003940202066";"167299000012020NE800244";"18/12/2020";"SERVICO TECNICO E OPERACIONAL - ND 339039 - SI 79 (2º CTA)                    2020NC500194-DCT, DE 18DEZ19 - PR12CML20                                      NUP 64283.003940/2020-66  PROC ORIGEM: 2020PR00012";"223035,00"
"000122020";"160299";"COMANDO DO COMANDO MILITAR DO LESTE";"-99";"Pregão - Registro de Preço";"64283003940202066";"160299000012020NE800884";"18/12/2020";"SERVICO TECNICO E OPERACIONAL - ND 339039 - SI 79 (2º CTA)                    2020NC404523-DCT, DE 18DEZ19 - PR12CML20                                      NUP 64283.003940/2020-66  PROC ORIGEM: 2020PR00012";"225353,72"
"000122020";"160299";"COMANDO DO COMANDO MILITAR DO LESTE";"-99";"Pregão - Registro de Preço";"64283003940202066";"160299000012020NE800896";"21/12/2020";"SERVICO TECNICO E OPERACIONAL - ND 339039 - SI 79 (2º CTA)                    2020NC404617-DCT, DE 21DEZ19 - PR12CML20                                      NUP 64283.003940/2020-66  PROC ORIGEM: 2020PR00012";"11064,92"
"000122020";"160299";"COMANDO DO COMANDO MILITAR DO LESTE";"-99";"Pregão - Registro de Preço";"64283003940202066";"160299000012020NE800895";"21/12/2020";"SERVICO TECNICO E OPERACIONAL - ND 339039 - SI 79 (2º CTA)                    2020NC404617-DCT, DE 21DEZ19 - PR12CML20                                      NUP 64283.003940/2020-66  PROC ORIGEM: 2020PR00012";"44259,68"
"000122020";"160299";"COMANDO DO COMANDO MILITAR DO LESTE";"-99";"Pregão - Registro de Preço";"64283003940202066";"167299000012020NE800245";"21/12/2020";"SERVICO TECNICO E OPERACIONAL - ND 339039 - SI 79 (2º CTA)                    2020NC500195-DCT, DE 18DEZ19 - PR12CML20                                      NUP 64283.003940/2020-66  PROC ORIGEM: 2020PR00012";"55758,75"
"000122020";"160299";"COMANDO DO COMANDO MILITAR DO LESTE";"-99";"Pregão - Registro de Preço";"64283003940202066";"167299000012020NE800266";"22/12/2020";"SERVICO TECNICO E OPERACIONAL - ND 339039 - SI 79 (2º CTA)                    2020NC500193, DE 18DEZ20 E 2020NC500203, DE 22DEZ20, AMBAS DO DCT - PR12CML20 NUP 64283.003940/2020-66  PROC ORIGEM: 2020PR00012";"5466,72"
"000122020";"160299";"COMANDO DO COMANDO MILITAR DO LESTE";"-99";"Pregão - Registro de Preço";"64283003940202066";"160299000012020NE800912";"29/12/2020";"SERVICO TECNICO E OPERACIONAL - ND 339039 - SI 79 (2º CTA)                    2020NC404785-DCT, DE 29DEZ20 - PR12CML20                                      NUP 64283.003940/2020-66  PROC ORIGEM: 2020PR00012";"38994,20"
"000122020";"160299";"COMANDO DO COMANDO MILITAR DO LESTE";"-99";"Pregão - Registro de Preço";"64283003940202066";"160299000012020NE800911";"29/12/2020";"SERVICO TECNICO E OPERACIONAL - ND 339039 - SI 79 (2º CTA)                    2020NC404785-DCT, DE 29DEZ20 - PR12CML20                                      NUP 64283.003940/2020-66  PROC ORIGEM: 2020PR00012";"155976,80"
"000122020";"160299";"COMANDO DO COMANDO MILITAR DO LESTE";"-99";"Pregão - Registro de Preço";"64283003940202066";"160299000012020NE800919";"30/12/2020";"SERVICO TECNICO E OPERACIONAL - ND 339039 - SI 79 (2º CTA)                    2020NC404783, DE 29DEZ20 E 2020NC404799, DE 30DEZ20, AMBAS DO DCT - PR12CML20 NUP 64283.003940/2020-66  PROC ORIGEM: 2020PR00012";"10714,03"
"000122020";"160299";"COMANDO DO COMANDO MILITAR DO LESTE";"-99";"Pregão - Registro de Preço";"64283003940202066";"160299000012020NE800929";"31/12/2020";"SERVICO TECNICO E OPERACIONAL - ND 339039 - SI 79 (2º CTA)                    2020NC404845-DCT, DE 31DEZ20 - PR12CML20                                      NUP 64283.003940/2020-66  PROC ORIGEM: 2020PR00012";"12490,40"
"000122020";"160299";"COMANDO DO COMANDO MILITAR DO LESTE";"-99";"Pregão - Registro de Preço";"64283003940202066";"160299000012020NE800928";"31/12/2020";"SERVICO TECNICO E OPERACIONAL - ND 339039 - SI 79 (2º CTA)                    2020NC404844-DCT, DE 31DEZ20 - PR12CML20                                      NUP 64283.003940/2020-66  PROC ORIGEM: 2020PR00012";"19654,40"
"000132020";"731050";"BATALHAO NAVAL";"-99";"Pregão - Registro de Preço";"63107.001734/2020";"731050000012020NE800291";"28/12/2020";"BTLNAV SOLEMP 31050-0000/2020 AQUISICAO DE EQUIPAMENTOS PARA                  A ACADEMIA.                                                                   PRAZO DE EXEC:N/A, GARANTIA:N/A,SANCOES: ART 86 E 87 DA LEI 8.666  PROC ORIGEM";"4860,00"
"000132020";"731050";"BATALHAO NAVAL";"-99";"Pregão - Registro de Preço";"63107.001734/2020";"731050000012020NE800292";"28/12/2020";"BTLNAV SOLEMP 31050-0000/2020 AQUISICAO DE EQUIPAMENTOS PARA                  A ACADEMIA.                                                                   PRAZO DE EXEC:N/A, GARANTIA:N/A,SANCOES: ART 86 E 87 DA LEI 8.666  PROC ORIGEM";"33175,20"
"000132020";"731050";"BATALHAO NAVAL";"-99";"Pregão - Registro de Preço";"63107.001734/2020";"731050000012020NE800293";"28/12/2020";"BTLNAV SOLEMP 31050-0000/2020 AQUISICAO DE EQUIPAMENTOS PARA                  A ACADEMIA.                                                                   PRAZO DE EXEC:N/A, GARANTIA:N/A,SANCOES: ART 86 E 87 DA LEI 8.666  PROC ORIGEM";"37200,00"
"000132020";"731050";"BATALHAO NAVAL";"-99";"Pregão - Registro de Preço";"63107.001734/2020";"731050000012020NE800294";"28/12/2020";"BTLNAV SOLEMP 31050-0000/2020 AQUISICAO DE EQUIPAMENTOS PARA                  A ACADEMIA.                                                                   PRAZO DE EXEC:N/A, GARANTIA:N/A,SANCOES: ART 86 E 87 DA LEI 8.666  PROC ORIGEM";"52751,45"
"000252020";"120073";"BASE AEREA DE FLORIANOPOLIS";"-99";"Pregão - Registro de Preço";"67272001603202051";"120073000012020NE800952";"23/12/2020";"APL: SSUB - REPOSICAO DE ESTOQUE.                                SEM CONTRATO.PAM/S N : 0065/SSUB1/2020                                                     PREGAO ELETRONICO N : 025/BAFL/2020.SRP.        NUP. N : 67272.001603/2020-51.";"1075,80"
"000252020";"120073";"BASE AEREA DE FLORIANOPOLIS";"-99";"Pregão - Registro de Preço";"67272001603202051";"120073000012020NE800954";"23/12/2020";"APL: SSUB - REPOSICAO DE ESTOQUE.                                SEM CONTRATO.PAM/S N : 0065/SSUB1/2020                                                     PREGAO ELETRONICO N : 025/BAFL/2020.SRP.        NUP. N : 67272.001603/2020-51.";"1316,60"
"000252020";"120073";"BASE AEREA DE FLORIANOPOLIS";"-99";"Pregão - Registro de Preço";"67272001603202051";"120073000012020NE800951";"23/12/2020";"APL: SSUB - REPOSICAO DE ESTOQUE.                                SEM CONTRATO.PAM/S N : 0065/SSUB1/2020                                                     PREGAO ELETRONICO N : 025/BAFL/2020.SRP.        NUP. N : 67272.001603/2020-51.";"2566,65"
"000252020";"120073";"BASE AEREA DE FLORIANOPOLIS";"-99";"Pregão - Registro de Preço";"67272001603202051";"120073000012020NE800963";"23/12/2020";"APL: SSUB - REPOSICAO DE ESTOQUE.                                SEM CONTRATO.PAM/S N : 0065/SSUB1/2020                                                     PREGAO ELETRONICO N : 025/BAFL/2020.SRP.        NUP. N : 67272.001603/2020-51.";"3134,43"
"000252020";"120073";"BASE AEREA DE FLORIANOPOLIS";"-99";"Pregão - Registro de Preço";"67272001603202051";"120073000012020NE800960";"23/12/2020";"APL: SSUB - REPOSICAO DE ESTOQUE.                                SEM CONTRATO.PAM/S N : 0065/SSUB1/2020                                                     PREGAO ELETRONICO N : 025/BAFL/2020.SRP.        NUP. N : 67272.001603/2020-51.";"4134,60"
"000252020";"120073";"BASE AEREA DE FLORIANOPOLIS";"-99";"Pregão - Registro de Preço";"67272001603202051";"120073000012020NE800959";"23/12/2020";"APL: SSUB - REPOSICAO DE ESTOQUE.                                SEM CONTRATO.PAM/S N : 0065/SSUB1/2020                                                     PREGAO ELETRONICO N : 025/BAFL/2020.SRP.        NUP. N : 67272.001603/2020-51.";"4188,00"
"000252020";"120073";"BASE AEREA DE FLORIANOPOLIS";"-99";"Pregão - Registro de Preço";"67272001603202051";"120073000012020NE800962";"23/12/2020";"APL: SSUB - REPOSICAO DE ESTOQUE.                                SEM CONTRATO.PAM/S N : 0065/SSUB1/2020                                                     PREGAO ELETRONICO N : 025/BAFL/2020.SRP.        NUP. N : 67272.001603/2020-51.";"5636,50"
"000252020";"120073";"BASE AEREA DE FLORIANOPOLIS";"-99";"Pregão - Registro de Preço";"67272001603202051";"120073000012020NE800953";"23/12/2020";"APL: SSUB - REPOSICAO DE ESTOQUE.                                SEM CONTRATO.PAM/S N : 0065/SSUB1/2020                                                     PREGAO ELETRONICO N : 025/BAFL/2020.SRP.        NUP. N : 67272.001603/2020-51.";"7427,40"
"000252020";"120073";"BASE AEREA DE FLORIANOPOLIS";"-99";"Pregão - Registro de Preço";"67272001603202051";"120073000012020NE800956";"23/12/2020";"APL: SSUB - REPOSICAO DE ESTOQUE.                                SEM CONTRATO.PAM/S N : 0065/SSUB1/2020                                                     PREGAO ELETRONICO N : 025/BAFL/2020.SRP.        NUP. N : 67272.001603/2020-51.";"7700,00"
"000252020";"120073";"BASE AEREA DE FLORIANOPOLIS";"-99";"Pregão - Registro de Preço";"67272001603202051";"120073000012020NE800958";"23/12/2020";"APL: SSUB - REPOSICAO DE ESTOQUE.                                SEM CONTRATO.PAM/S N : 0065/SSUB1/2020                                                     PREGAO ELETRONICO N : 025/BAFL/2020.SRP.        NUP. N : 67272.001603/2020-51.";"8379,60"
"000252020";"120073";"BASE AEREA DE FLORIANOPOLIS";"-99";"Pregão - Registro de Preço";"67272001603202051";"120073000012020NE800961";"23/12/2020";"APL: SSUB - REPOSICAO DE ESTOQUE.                                SEM CONTRATO.PAM/S N : 0065/SSUB1/2020                                                     PREGAO ELETRONICO N : 025/BAFL/2020.SRP.        NUP. N : 67272.001603/2020-51.";"11077,50"
"000252020";"120073";"BASE AEREA DE FLORIANOPOLIS";"-99";"Pregão - Registro de Preço";"67272001603202051";"120073000012020NE800957";"23/12/2020";"APL: SSUB - REPOSICAO DE ESTOQUE.                                SEM CONTRATO.PAM/S N : 0065/SSUB1/2020                                                     PREGAO ELETRONICO N : 025/BAFL/2020.SRP.        NUP. N : 67272.001603/2020-51.";"11389,00"
"000252020";"120073";"BASE AEREA DE FLORIANOPOLIS";"-99";"Pregão - Registro de Preço";"67272001603202051";"120073000012020NE800955";"23/12/2020";"APL: SSUB - REPOSICAO DE ESTOQUE.                                SEM CONTRATO.PAM/S N : 0065/SSUB1/2020                                                     PREGAO ELETRONICO N : 025/BAFL/2020.SRP.        NUP. N : 67272.001603/2020-51.";"24079,00"
"000302020";"160296";"BASE ADM DA BRIGADA DE INFANTARIA PQDT";"-99";"Pregão - Registro de Preço";"64298009672201993";"160296000012020NE802845";"30/07/2020";"CI PQDT GPB REQ 8547/30JUL2020 NC 001454/29JUN20-DECEX NUP 64298009672        201993 SRP 30/2020 UASG 160296.                                               MANUTENCAO E CONSERVACAO DE BENS IMOVEIS (L)  PROC ORIGEM: 2020PR00030";"30004,80"
"000302020";"160296";"BASE ADM DA BRIGADA DE INFANTARIA PQDT";"-99";"Pregão - Registro de Preço";"64298009672201993";"160296000012020NE802915";"04/08/2020";"1º ESQD CAV PQDT REQ 8567/30JUL20 NC 011222/16ABR20-DGO NUP 64298009672       201993 SRP 30/2020 UASG 160296.                                               MANUTENCAO E CONSERVACAO DE BENS IMOVEIS (L)  PROC ORIGEM: 2020PR00030";"2165,00"
"000302020";"160296";"BASE ADM DA BRIGADA DE INFANTARIA PQDT";"-99";"Pregão - Registro de Preço";"64298009672201993";"160296000012020NE802914";"04/08/2020";"1º ESQD CAV PQDT REQ 8580/30JUL20 NC 011222/16ABR20-DGO NUP 64298009672       201993 SRP 30/2020 UASG 160296.                                               MANUTENCAO E CONSERVACAO DE BENS IMOVEIS (L)  PROC ORIGEM: 2020PR00030";"2849,17"
"000302020";"160296";"BASE ADM DA BRIGADA DE INFANTARIA PQDT";"-99";"Pregão - Registro de Preço";"64298009672201993";"167296000012020NE800771";"07/08/2020";"B4F01FEX01-MNT-OM# 8º GAC PQDT REQ 01/07AGO20 NC 400374/06JUL20-DEC           NUP 64298009672201993 SRP 30/2020 UASG 160296.                                MANUTENCAO E CONSERVACAO DE BENS IMOVEIS (L)  PROC ORIGEM: 2020PR00030";"329492,56"
"000302020";"160296";"BASE ADM DA BRIGADA DE INFANTARIA PQDT";"-99";"Pregão - Registro de Preço";"64298009672201993";"160296000012020NE802961";"13/08/2020";"B4AOM01FM20# 1ª CIA ENG COMB PQDT REQ 8954/12AGO20 NC 403467/13JUL20-DEC      NUP 64298009672201993 SRP 30/2020 UASG 160296.                                MANUTENCAO E CONSERVACAO DE BENS IMOVEIS (L)  PROC ORIGEM: 2020PR00030";"70972,99"
"000302020";"160296";"BASE ADM DA BRIGADA DE INFANTARIA PQDT";"-99";"Pregão - Registro de Preço";"64298009672201993";"160296000012020NE802983";"13/08/2020";"B4AOM01FM20-21ª BIAAE PQDT REQ 8550/30JUL20 NC 404021/05AGO20-DEC             NUP 64298009672201993  SRP 30/2020 UASG 160296.                               MANUTENCAO E CONSERVACAO DE BENS IMOVEIS (ELOY)  PROC ORIGEM: 2020PR00030";"199115,04"
"000302020";"160296";"BASE ADM DA BRIGADA DE INFANTARIA PQDT";"-99";"Pregão - Registro de Preço";"64298009672201993";"167296000012020NE800797";"18/08/2020";"1ª ESQ CAV PQDT REQ 8798/10AGO20 NC 000200/04FEV20-FEX                        NUP 64298009672201993 GERENCIADORA SRP 30/2020 UASG 160296.                   MANUTENCAO E CONSERVACAO DE BENS IMOVEIS (ELOY  PROC ORIGEM: 2020PR00030";"1159,65"
"000302020";"160296";"BASE ADM DA BRIGADA DE INFANTARIA PQDT";"-99";"Pregão - Registro de Preço";"64298009672201993";"167296000012020NE800795";"18/08/2020";"1ª ESQ CAV PQDT REQ 8797/10AGO20 NC 000200/04FEV20-FEX                        NUP 64298009672201993 GERENCIADORA SRP 30/2020 UASG 160296.                   MANUTENCAO E CONSERVACAO DE BENS IMOVEIS (ELOY  PROC ORIGEM: 2020PR00030";"6656,48"
"000302020";"160296";"BASE ADM DA BRIGADA DE INFANTARIA PQDT";"-99";"Pregão - Registro de Preço";"64298009672201993";"167296000012020NE800798";"18/08/2020";"1º ESQ CAV PQDT REQ 8780/07AGO20 NC 000200/04FEV20-FEX                        NUP 64298009672201993  SRP 30/2020 UASG 160296.                               MANUTENCAO E CONSERVACAO DE BENS IMOVEIS (ELOY)  PROC ORIGEM: 2020PR00030";"7074,74"
"000302020";"160296";"BASE ADM DA BRIGADA DE INFANTARIA PQDT";"-99";"Pregão - Registro de Preço";"64298009672201993";"160296000012020NE803246";"21/08/2020";"CI PQDT GPB REQ 9076/19AGO20 NC 001454/29JUN20-DECEX NUP 64298009672          201993 SRP 30/2020 UASG 160296.                                               MANUTENCAO E CONSERVACAO DE BENS IMOVEIS (L)  PROC ORIGEM: 2020PR00030";"29991,97"
"000302020";"160296";"BASE ADM DA BRIGADA DE INFANTARIA PQDT";"-99";"Pregão - Registro de Preço";"64298009672201993";"160296000012020NE803247";"21/08/2020";"CI PQDT GPB REQ 9075/19AGO20 NC 001286/23JUN20-DECEX NUP 64298009672          201993 SRP 30/2020 UASG 160296.                                               MANUTENCAO E CONSERVACAO DE BENS IMOVEIS (L)  PROC ORIGEM: 2020PR00030";"36409,38"
"000302020";"160296";"BASE ADM DA BRIGADA DE INFANTARIA PQDT";"-99";"Pregão - Registro de Preço";"64298009672201993";"160296000012020NE803269";"24/08/2020";"27º BI PQDT REQ 9074/19AGO20 NC 011222/16ABR20-DGO NUP 64298009672            201993 SRP 30/2020 UASG 160296.                                               MANUTENCAO E CONSERVACAO DE BENS IMOVEIS (L)  PROC ORIGEM: 2020PR00030";"4883,63"
"000302020";"160296";"BASE ADM DA BRIGADA DE INFANTARIA PQDT";"-99";"Pregão - Registro de Preço";"64298009672201993";"160296000012020NE803372";"28/08/2020";"ALMX CMDO BDA PQDT REQ 9268/28AGO20 NC 015585/27AGO20-COTER NUP 64298009672   201993 SRP 30/2020 UASG 160296.                                               MANUTENCAO E CONSERVACAO DE BENS IMOVEIS (L)  PROC ORIGEM: 2020PR00030";"101434,58"
"000302020";"160296";"BASE ADM DA BRIGADA DE INFANTARIA PQDT";"-99";"Pregão - Registro de Preço";"64298009672201993";"160296000012020NE803371";"28/08/2020";"ALMX CMDO BDA PQDT REQ 9278/28AGO20 NC 015585/27AGO20-COTER NUP 64298009672   201993 SRP 30/2020 UASG 160296.                                               MANUTENCAO E CONSERVACAO DE BENS IMOVEIS (L)  PROC ORIGEM: 2020PR00030";"493207,94"
"000302020";"160296";"BASE ADM DA BRIGADA DE INFANTARIA PQDT";"-99";"Pregão - Registro de Preço";"64298009672201993";"160296000012020NE803429";"31/08/2020";"CI PQDT GPB REQ 9206/26AGO20 NC 001905/27JUL20-DECEX NUP 64298009672          201993 SRP 30/2020 UASG 160296.                                               MANUTENCAO E CONSERVACAO DE BENS IMOVEIS (L)  PROC ORIGEM: 2020PR00030";"1034,00"
"000302020";"160296";"BASE ADM DA BRIGADA DE INFANTARIA PQDT";"-99";"Pregão - Registro de Preço";"64298009672201993";"160296000012020NE803428";"31/08/2020";"CI PQDT GPB REQ 9206/26AGO20 NC 828-593-1286/23JUN20-DECEX NUP 64298009672    201993 SRP 30/2020 UASG 160296.                                               MANUTENCAO E CONSERVACAO DE BENS IMOVEIS (L)  PROC ORIGEM: 2020PR00030";"9951,10"
"000302020";"160296";"BASE ADM DA BRIGADA DE INFANTARIA PQDT";"-99";"Pregão - Registro de Preço";"64298009672201993";"160296000012020NE803586";"04/09/2020";"B4AOM01FM20# CIA PREC PQDT REQ 9583/04SET20 NC 404078/07AGO20-DEC             NUP 64298009672201993 SRP 30/2020 UASG 160296.                                MANUTENCAO E CONSERVACAO DE BENS IMOVEIS (L)  PROC ORIGEM: 2020PR00030";"278119,76"
"000302020";"160296";"BASE ADM DA BRIGADA DE INFANTARIA PQDT";"-99";"Pregão - Registro de Preço";"64298009672201993";"160296000012020NE803641";"08/09/2020";"1º ESQD CAV PQDT REQ 9545/04SET20 NC 013394/16JUN20-DGO NUP 64298009672       201993 SRP 30/2020 UASG 160296.                                               MANUTENCAO E CONSERVACAO DE BENS IMOVEIS (L)  PROC ORIGEM: 2020PR00030";"6100,92"
"000302020";"160296";"BASE ADM DA BRIGADA DE INFANTARIA PQDT";"-99";"Pregão - Registro de Preço";"64298009672201993";"167296000012020NE800871";"10/09/2020";"1º ESQD CAV PQDT REQ 9606/08SET20 NC 000200/04FEV20-FEX NUP 64298009672       201993 SRP 30/2020 UASG 160296.                                               MANUTENCAO E CONSERVACAO DE BENS IMOVEIS (L)  PROC ORIGEM: 2020PR00030";"4439,73"
"000302020";"160296";"BASE ADM DA BRIGADA DE INFANTARIA PQDT";"-99";"Pregão - Registro de Preço";"64298009672201993";"160296000012020NE803724";"10/09/2020";"BTL DOMPSA REQ 9401/02SET20 NC 415866/31AGO20-COLOG NUP 64298009672           201993 SRP 30/2020 UASG 160296.                                               MANUTENCAO E CONSERVACAO DE BENS IMOVEIS (L)  PROC ORIGEM: 2020PR00030";"68771,13"
"000302020";"160296";"BASE ADM DA BRIGADA DE INFANTARIA PQDT";"-99";"Pregão - Registro de Preço";"64298009672201993";"160296000012020NE803905";"24/09/2020";"1º ESQD CAV PQDT REQ 9702/11SET20 NC 014429/12AGO20-COTER NUP 64298009672     201993 SRP 30/2020 UASG 160296.                                               MANUTENCAO E CONSERVACAO DE BENS IMOVEIS (L)  PROC ORIGEM: 2020PR00030";"1466,15"
"000302020";"160296";"BASE ADM DA BRIGADA DE INFANTARIA PQDT";"-99";"Pregão - Registro de Preço";"64298009672201993";"160296000012020NE803903";"24/09/2020";"1º ESQD CAV PQDT REQ 9701/11SET20 NC 013394/16JUN20-DGO NUP 64298009672       201993 SRP 30/2020 UASG 160296.                                               MANUTENCAO E CONSERVACAO DE BENS IMOVEIS (L)  PROC ORIGEM: 2020PR00030";"4470,40"
"000302020";"160296";"BASE ADM DA BRIGADA DE INFANTARIA PQDT";"-99";"Pregão - Registro de Preço";"64298009672201993";"160296000012020NE803900";"24/09/2020";"ALMX CMDO BDA PQDT REQ 9730/10SET20 NC 016503/03AGO20-DGO NUP 64298009672     201993 SRP 30/2020 UASG 160296.                                               MANUTENCAO E CONSERVACAO DE BENS IMOVEIS (L)  PROC ORIGEM: 2020PR00030";"41461,60"
"000302020";"160296";"BASE ADM DA BRIGADA DE INFANTARIA PQDT";"-99";"Pregão - Registro de Preço";"64298009672201993";"160296000012020NE803935";"25/09/2020";"CI PQDT GPB REQ 9574/04SET20 NC 015585/27AGO20-COTER NUP 64298009672          201993 SRP 30/2020 UASG 160296.                                               MANUTENCAO E CONSERVACAO DE BENS IMOVEIS (L)  PROC ORIGEM: 2020PR00030";"7037,00"
"000302020";"160296";"BASE ADM DA BRIGADA DE INFANTARIA PQDT";"-99";"Pregão - Registro de Preço";"64298009672201993";"160296000012020NE803937";"25/09/2020";"CI PQDT GPB REQ 9684/10SET20 NC 015585/27AGO20-COTER NUP 64298009672          201993 SRP 30/2020 UASG 160296.                                               MANUTENCAO E CONSERVACAO DE BENS IMOVEIS (L)  PROC ORIGEM: 2020PR00030";"21991,00"
"000302020";"160296";"BASE ADM DA BRIGADA DE INFANTARIA PQDT";"-99";"Pregão - Registro de Preço";"64298009672201993";"160296000012020NE803936";"25/09/2020";"CI PQDT GPB REQ 9683/10SET20 NC 015585/27AGO20-COTER NUP 64298009672          201993 SRP 30/2020 UASG 160296.                                               MANUTENCAO E CONSERVACAO DE BENS IMOVEIS (L)  PROC ORIGEM: 2020PR00030";"32788,14"
"000302020";"160296";"BASE ADM DA BRIGADA DE INFANTARIA PQDT";"-99";"Pregão - Registro de Preço";"64298009672201993";"160296000012020NE803945";"25/09/2020";"CI GPB PQDT REQ 9876/22SET20 NC 002703/18SET20-DECEX                          NUP 64298009672201993 GERENCIADORA SRP 30/2020 UASG 160296.                   MANUTENCAO E CONSERVACAO DE BENS IMOVEIS (ELOY  PROC ORIGEM: 2020PR00030";"90743,70"
"000302020";"160296";"BASE ADM DA BRIGADA DE INFANTARIA PQDT";"-99";"Pregão - Registro de Preço";"64298009672201993";"160296000012020NE804018";"29/09/2020";"1ª ESQ CAV PQDT REQ 9890/24SET20 NC 404736/01SET20-DEC                        NUP 64298009672201993 GERENCIADORA SRP 30/2020 UASG 160296.                   MANUTENCAO E CONSERVACAO DE BENS IMOVEIS (ELOY  PROC ORIGEM: 2020PR00030";"5610,00"
"000302020";"160296";"BASE ADM DA BRIGADA DE INFANTARIA PQDT";"-99";"Pregão - Registro de Preço";"64298009672201993";"160296000012020NE804045";"30/09/2020";"0013962020RQ0002/29SET20/RANCH QG/NC 016503/03AGO20-DGO NUP 64298009672201993 GERENCIADORA SRP 30/2020 UASG 160296.                                         MANUTENCAO E CONSERVACAO DE BENS IMOVEIS (ELOY)  PROC ORIGEM: 2020PR00030";"8318,10"
"000302020";"160296";"BASE ADM DA BRIGADA DE INFANTARIA PQDT";"-99";"Pregão - Registro de Preço";"64298009672201993";"160296000012020NE804088";"07/10/2020";"0162042020RQ0014 CI PQDT GPB NC 002844/02OUT20-DECEX NUP 64298009672          201993 SRP 30/2020 UASG 160296.                                               MANUTENCAO E CONSERVACAO DE BENS IMOVEIS (L)  PROC ORIGEM: 2020PR00030";"90743,70"
"000302020";"160296";"BASE ADM DA BRIGADA DE INFANTARIA PQDT";"-99";"Pregão - Registro de Preço";"64298009672201993";"160296000012020NE804138";"14/10/2020";"B4AOM01FM20# 1ª CIA ENG COMB PQDT REQ 10067/13OUT20 NC 405754/07OUT20-DEC     NUP 64298009672201993 SRP 30/2020 UASG 160296.                                MANUTENCAO E CONSERVACAO DE BENS IMOVEIS (L)  PROC ORIGEM: 2020PR00030";"74109,03"
"000372020";"153038";"UNIVERSIDADE FEDERAL DA BAHIA";"-99";"Pregão - Registro de Preço";"23066026675202071";"153038152232020NE802654";"17/12/2020";"PROT:153825(250000,00)# SERVICO DE REPARO EM BENS IMOVEIS DA UFBA             23066.036242/2020-24  PROC ORIGEM: 2020PR00037";"250000,00"
"000372020";"153038";"UNIVERSIDADE FEDERAL DA BAHIA";"-99";"Pregão - Registro de Preço";"23066026675202071";"153038152232020NE802748";"28/12/2020";"PROT:153825(2662000,00)# SERVICOS DE REPAROS EM BENS IMOVEIS FOLHA 177 SUMAI  PROC ORIGEM: 2020PR00037";"2662000,00"
"000682019";"155021";"HOSPITAL DAS CLINICAS DA UFMG";"-99";"Pregão - Registro de Preço";"23537026777/19-60";"155021264432020NE811906";"15/12/2020";"NOTA DE COMPRA: 8865/20                                                       UNIDADE ADMINISTRATIVA: ALMOXARIFADO A                                        23537.031209/2020-14  PROC ORIGEM: 2019PR00068";"44700,00"
"000682019";"155021";"HOSPITAL DAS CLINICAS DA UFMG";"-99";"Pregão - Registro de Preço";"23537026777/19-60";"155021264432020NE812150";"29/12/2020";"NOTA DE COMPRA: 9186/20                                                       UNIDADE ADMINISTRATIVA: ALMOXARIFADO A                                        23537.032768/2020-41  PROC ORIGEM: 2019PR00068";"29250,00"
